City,State
New-York,New-York
Los-Angeles,California
Chicago,Illinois
Houston,Texas
Phoenix,Arizona
Philadelphia,Pennsylvania
San-Antonio,Texas
San-Diego,California
Dallas,Texas
San-Jose,California
Austin,Texas
Jacksonville,Florida
Fort-Worth,Texas
Columbus,Ohio
San-Francisco,California
Charlotte,North-Carolina
Indianapolis,Indiana
Seattle,Washington
Denver,Colorado
Washington,DC
Boston,Massachusetts
El-Paso,Texas
Nashville,Tennessee
Detroit,Michigan
Oklahoma-City,Oklahoma
Portland,Oregon
Las-Vegas,Nevada
Memphis,Tennessee
Louisville,Kentucky
Baltimore,Maryland
Milwaukee,Wisconsin
Albuquerque,New-Mexico
Tucson,Arizona
Fresno,California
Mesa,Arizona
Sacramento,California
Atlanta,Georgia
Kansas-City,Missouri
Colorado-Springs,Colorado
Miami,Florida
Raleigh,North-Carolina
Omaha,Nebraska
Long-Beach,California
Virginia-Beach,Virginia
Oakland,California
Minneapolis,Minnesota
Tulsa,Oklahoma
Arlington,Texas
New-Orleans,Louisiana
Wichita,Kansas
Cleveland,Ohio
Tampa,Florida
Bakersfield,California
Aurora,Colorado
Honolulu,Hawaii
Anaheim,California
Santa-Ana,California
Corpus-Christi,Texas
Riverside,California
Saint-Louis,Missouri
Lexington,Kentucky
Stockton,California
Pittsburgh,Pennsylvania
Saint-Paul,Minnesota
Cincinnati,Ohio
Anchorage,Alaska
Henderson,Nevada
Greensboro,North-Carolina
Plano,Texas
Newark,New-Jersey
Lincoln,Nebraska
Toledo,Ohio
Chula-Vista,California
Orlando,Florida
Irvine,California
Fort-Wayne,Indiana
Jersey-City,New-Jersey
Durham,North-Carolina
Chandler,Arizona
Madison,Wisconsin
Laredo,Texas
Buffalo,New-York
Lubbock,Texas
Chesapeake,Virginia
Scottsdale,Arizona
Glendale,Arizona
Reno,Nevada
Norfolk,Virginia
Winston-Salem,North-Carolina
Gilbert,Arizona
Chattanooga,Tennessee
Hialeah,Florida
Garland,Texas
Fremont,California
Richmond,Virginia
Boise,Idaho
San-Bernardino,California
Spokane,Washington
Des-Moines,Iowa
Modesto,California
Birmingham,Alabama
Tacoma,Washington
Fontana,California
Columbus,Georgia
Montgomery,Alabama
Akron,Ohio
Shreveport,Louisiana
Little-Rock,Arkansas
Augusta,Georgia
Moreno-Valley,California
Glendale,California
Huntington-Beach,California
Overland-Park,Kansas
Columbia,South-Carolina
Naperville,Illinois
McKinney,Texas
Dayton,Ohio
Fort-Collins,Colorado
Bellevue,Washington
O-Fallon,Missouri
West-Valley-City,Utah
Round-Rock,Texas
Bismarck,North-Dakota
Waterbury,Connecticut
Newport-News,Virginia
Lakeland,Florida
Killeen,Texas
Tempe,Arizona
Chico,California
Carrollton,Texas
Rockford,Illinois
Surprise,Arizona
Nampa,Idaho
Manchester,New-Hampshire
Knoxville,Tennessee
Pompano-Beach,Florida
Sugar-Land,Texas
Huntington,West-Virginia
Macon,Georgia
Vallejo,California
Waco,Texas
Fargo,North-Dakota
Independence,Missouri
Clovis,California
Lynn,Massachusetts
Lafayette,Louisiana
Odessa,Texas
South-Bend,Indiana
League-City,Texas
Saint-George,Utah
Denton,Texas
Pearland,Texas
Shreveport,Louisiana
Davis,California
